market,model,IC_mean,IC_std,ICIR_mean,ICIR_std,RankIC_mean,RankIC_std,RankICIR_mean,RankICIR_std,AR_mean,AR_std,STD_mean,STD_std,MDD_mean,MDD_std,Sharpe_mean,Sharpe_std,Sortino_mean,Sortino_std,Calmar_mean,Calmar_std
csi300,MATCC,0.0330608079290984,0.006677840867081895,0.19938375182158619,0.04893597065649209,0.04537690212707266,0.003788157710829458,0.26936767056842337,0.030653927216669034,0.12596437950276362,0.05183036198172295,0.18026298006029548,0.014785245094342918,-0.2834600314622128,0.05396946025612796,0.6420639066717723,0.2097085737069756,1.001129639298498,0.3548352870936736,0.47150111873205997,0.2263398814173941
sp500,MATCC,0.0005602790997805797,0.0051306352624113155,0.003694086006571001,0.04180857625556327,0.00038692406777396,0.002739108655934161,0.0030963908571636396,0.02242500259378598,0.1122886773532871,0.04254926224873387,0.20463106355366473,0.020999627571933827,-0.24814343388930288,0.030601466152179454,0.5067709738224592,0.1531552600756258,0.7320415096331854,0.22720184350010858,0.46506582233568217,0.20004256887012414
